Student_ID,Name,Age,Gender,City,Study_Hours,Attendance,Previous_Marks,Final_Marks
1,Student_1,24.0,Male,Peshawar,1.1,83.5,82.6,63.5
2,Student_2,20.0,Male,Islamabad,1.9,79.1,54.7,61.0
3,Student_3,23.0,Female,Lahore,3.2,94.4,77.8,67.3
4,Student_4,19.0,Female,Peshawar,1.2,82.9,70.2,52.8
5,Student_5,25.0,Male,Lahore,0.5,74.2,60.3,51.5
6,Student_6,18.0,Male,Karachi,1.0,77.0,42.0,38.7
7,Student_7,20.0,Female,Karachi,3.7,79.8,68.9,54.6
8,Student_8,23.0,Female,Lahore,4.0,84.9,72.4,58.5
9,Student_9,18.0,Female,Lahore,1.4,86.8,72.8,56.2
10,Student_10,21.0,Female,Karachi,3.4,71.2,55.1,46.2
11,Student_11,,Male,Islamabad,2.9,69.8,62.4,59.5
12,Student_12,25.0,Male,Lahore,5.0,86.9,62.7,67.5
13,Student_13,20.0,Female,Karachi,3.6,79.9,62.6,67.4
14,Student_14,24.0,Male,Karachi,1.9,90.1,54.6,53.9
15,Student_15,20.0,Male,Lahore,5.4,84.7,75.6,70.5
16,Student_16,24.0,Female,Karachi,3.7,,69.4,70.2
17,Student_17,18.0,Female,Peshawar,3.0,86.3,57.6,60.0
18,Student_18,18.0,Male,Islamabad,4.8,68.5,67.7,58.2
19,Student_19,20.0,Male,Islamabad,2.0,76.1,74.5,67.0
20,Student_20,22.0,Female,Islamabad,4.5,85.6,66.7,66.5
21,Student_21,19.0,Female,Lahore,1.6,70.2,66.4,56.3
22,Student_22,22.0,Female,Islamabad,5.0,80.4,72.1,65.7
23,Student_23,22.0,Male,Islamabad,6.6,86.8,53.1,71.6
24,Student_24,18.0,Male,Lahore,3.2,91.1,71.1,75.8
25,Student_25,20.0,Male,Islamabad,7.1,88.8,54.3,68.4
26,Student_26,21.0,Female,Islamabad,4.5,66.0,65.1,55.3
27,Student_27,25.0,Female,Lahore,1.9,91.8,77.9,64.8
28,Student_28,20.0,Female,Lahore,1.9,72.1,57.1,50.5
29,Student_29,20.0,Male,Lahore,4.0,81.4,77.0,71.0
30,Student_30,19.0,Male,Islamabad,2.0,72.8,70.9,48.8
31,Student_31,21.0,Female,Lahore,6.7,89.8,79.8,84.8
32,Student_32,24.0,Female,Lahore,2.7,80.2,44.4,50.1
33,Student_33,20.0,Male,Islamabad,2.0,83.2,15.0,32.5
34,Student_34,250.0,Female,Lahore,6.6,85.1,51.3,59.5
35,Student_35,23.0,Female,Lahore,1.0,80.3,88.8,64.3
36,Student_36,18.0,Male,Lahore,0.7,75.0,66.9,56.4
37,Student_37,22.0,Male,Lahore,3.9,94.8,60.1,65.5
38,Student_38,20.0,Male,Peshawar,6.7,86.8,63.8,74.1
39,Student_39,22.0,Female,Lahore,4.8,88.6,69.1,68.9
40,Student_40,25.0,Female,Islamabad,3.3,64.5,61.5,55.7
41,Student_41,19.0,Male,Peshawar,5.2,62.2,92.2,67.0
42,Student_42,21.0,Male,Islamabad,0.8,97.1,65.1,63.3
43,Student_43,21.0,Female,Islamabad,1.7,88.0,47.2,53.7
44,Student_44,19.0,Male,Karachi,3.6,64.3,47.7,47.8
45,Student_45,21.0,Female,Lahore,3.1,85.1,62.1,59.3
46,Student_46,18.0,Male,Islamabad,3.5,81.9,63.4,53.4
47,Student_47,19.0,Male,Karachi,7.3,71.7,73.7,70.2
48,Student_48,22.0,Male,Islamabad,4.6,76.9,75.3,69.8
49,Student_49,21.0,Male,Lahore,10.0,98.4,76.2,87.4
50,Student_50,23.0,Male,Islamabad,1.9,74.2,50.8,41.9
51,Student_51,25.0,Female,Lahore,2.6,85.6,68.8,59.0
52,Student_52,21.0,Female,Lahore,3.3,73.3,55.3,56.6
53,Student_53,25.0,Male,Islamabad,2.7,66.4,65.6,49.5
54,Student_54,24.0,Male,Karachi,1.2,100.0,50.5,53.7
55,Student_55,20.0,Male,Islamabad,3.0,87.4,79.7,70.0
56,Student_56,22.0,Male,Islamabad,3.5,76.3,80.7,69.5
57,Student_57,23.0,Female,Islamabad,3.4,77.4,67.7,63.1
58,Student_58,24.0,Female,Islamabad,3.2,78.2,51.7,53.3
59,Student_59,20.0,Female,Islamabad,3.3,70.8,76.5,61.2
60,Student_60,22.0,Male,Karachi,3.4,85.0,67.1,67.0
61,Student_61,,Male,Islamabad,3.5,86.7,46.6,49.3
62,Student_62,22.0,Female,Lahore,3.1,76.7,71.4,67.1
63,Student_63,25.0,Female,Karachi,5.1,80.2,74.2,63.4
64,Student_64,21.0,Male,Islamabad,2.1,68.2,69.3,53.7
65,Student_65,23.0,Male,Islamabad,3.2,83.0,41.1,50.5
66,Student_66,18.0,Male,Karachi,2.5,61.8,71.8,46.9
67,Student_67,20.0,Female,Islamabad,1.1,79.6,75.1,59.6
68,Student_68,23.0,Male,Lahore,2.1,94.4,55.7,60.6
69,Student_69,18.0,Female,Islamabad,2.5,77.9,76.5,56.5
70,Student_70,24.0,Female,Karachi,0.5,100.0,69.4,56.7
71,Student_71,21.0,Male,Karachi,3.2,70.2,75.1,65.4
72,Student_72,23.0,Female,Lahore,1.7,78.2,41.6,47.3
73,Student_73,24.0,Male,Islamabad,8.6,80.4,59.4,79.1
74,Student_74,21.0,Male,Karachi,2.6,89.4,68.9,54.0
75,Student_75,20.0,Female,Islamabad,2.8,92.1,44.3,50.9
76,Student_76,18.0,Female,Karachi,5.7,82.3,64.3,73.5
77,Student_77,18.0,Female,Karachi,3.2,66.3,84.2,57.5
78,Student_78,19.0,Female,Islamabad,15.5,94.3,43.6,50.5
79,Student_79,18.0,Male,Islamabad,3.1,86.9,80.3,67.1
80,Student_80,22.0,Female,Lahore,2.1,88.4,73.9,61.5
81,Student_81,22.0,Male,Islamabad,1.9,65.6,51.7,38.7
82,Student_82,23.0,Female,Islamabad,6.4,85.2,52.7,60.5
83,Student_83,23.0,Male,Peshawar,4.1,79.0,51.8,55.4
84,Student_84,18.0,Female,Karachi,2.1,89.8,66.6,59.5
85,Student_85,21.0,Male,Islamabad,2.9,97.1,33.5,57.5
86,Student_86,25.0,Male,Lahore,0.5,72.5,70.9,56.1
87,Student_87,22.0,Female,Lahore,1.8,79.5,43.6,46.5
88,Student_88,23.0,Female,Islamabad,4.5,80.9,57.9,60.6
89,Student_89,19.0,Female,Peshawar,4.3,73.2,57.0,61.4
90,Student_90,23.0,Female,Islamabad,7.3,85.7,71.9,90.1
91,Student_91,23.0,Female,Islamabad,4.4,,49.9,56.4
92,Student_92,25.0,Male,Peshawar,7.2,72.1,52.0,60.4
93,Student_93,18.0,Female,Lahore,5.6,72.4,77.1,65.0
94,Student_94,22.0,Female,Peshawar,2.8,83.0,82.8,67.2
95,Student_95,24.0,Female,Islamabad,2.1,63.7,61.5,44.9
96,Student_96,21.0,Female,Islamabad,3.6,83.5,57.7,49.2
97,Student_97,19.0,Male,Lahore,4.2,88.6,65.3,61.3
98,Student_98,19.0,Male,Lahore,2.7,88.6,62.9,55.4
99,Student_99,20.0,Female,Peshawar,4.8,71.7,62.1,65.9
100,Student_100,23.0,Female,Islamabad,1.8,97.5,49.4,60.1
101,Student_101,25.0,Male,Karachi,3.6,100.0,34.1,49.8
102,Student_102,23.0,Male,Lahore,3.5,70.2,64.7,55.7
103,Student_103,21.0,Male,Islamabad,4.6,97.1,61.0,71.8
104,Student_104,25.0,Male,Islamabad,4.1,93.3,75.9,70.9
105,Student_105,20.0,Female,Islamabad,2.0,89.5,75.6,61.2
106,Student_106,25.0,Male,Karachi,1.4,74.0,82.2,64.3
107,Student_107,22.0,Male,Islamabad,2.8,90.8,55.3,52.3
108,Student_108,21.0,Male,Lahore,2.0,70.9,70.7,59.5
109,Student_109,25.0,Male,Karachi,3.9,81.9,45.9,64.2
110,Student_110,24.0,Female,Peshawar,9.5,89.3,64.7,75.2
111,Student_111,19.0,Female,Islamabad,3.3,86.5,67.8,65.3
112,Student_112,25.0,Female,Islamabad,7.2,79.2,52.3,65.6
113,Student_113,19.0,Female,Peshawar,4.7,85.4,60.0,70.0
114,Student_114,21.0,Male,Islamabad,2.8,80.8,92.1,75.7
115,Student_115,22.0,Female,Islamabad,4.1,84.7,50.7,53.3
116,Student_116,22.0,Female,Karachi,5.1,74.9,74.5,68.1
117,Student_117,24.0,Female,Islamabad,5.5,71.1,56.8,56.9
118,Student_118,22.0,Female,Islamabad,4.6,76.9,72.7,71.9
119,Student_119,21.0,Female,Islamabad,6.1,70.6,29.0,46.1
120,Student_120,21.0,Female,Karachi,3.4,92.8,44.9,53.9
121,Student_121,,Male,Islamabad,5.4,100.0,58.2,72.9
122,Student_122,21.0,Male,Lahore,3.0,88.6,82.2,66.5
123,Student_123,23.0,Female,Islamabad,2.2,93.2,59.2,51.6
124,Student_124,19.0,Female,Islamabad,6.7,72.4,45.7,54.4
125,Student_125,18.0,Male,Islamabad,5.1,81.0,55.7,56.5
126,Student_126,19.0,Male,Islamabad,3.7,71.8,71.0,60.6
127,Student_127,18.0,Male,Islamabad,1.6,88.3,41.8,44.3
128,Student_128,20.0,Female,Islamabad,3.7,83.4,61.9,62.5
129,Student_129,19.0,Male,Islamabad,3.0,72.9,58.7,53.7
130,Student_130,22.0,Male,Peshawar,3.5,95.5,56.1,66.0
131,Student_131,24.0,Female,Islamabad,3.5,82.0,66.4,65.2
132,Student_132,23.0,Female,Lahore,2.4,89.6,51.8,60.2
133,Student_133,23.0,Female,Lahore,2.9,90.7,68.6,60.0
134,Student_134,24.0,Male,Lahore,8.6,95.6,69.4,76.9
135,Student_135,22.0,Female,Karachi,4.9,94.3,83.3,83.2
136,Student_136,20.0,Male,Karachi,2.8,82.6,65.9,61.3
137,Student_137,18.0,Female,Islamabad,3.0,80.1,60.9,47.1
138,Student_138,22.0,Male,Lahore,4.9,76.1,47.8,53.5
139,Student_139,19.0,Male,Islamabad,3.9,72.2,55.1,57.6
140,Student_140,21.0,Male,Karachi,4.4,98.2,45.5,65.1
141,Student_141,20.0,Female,Islamabad,4.4,76.5,79.2,80.4
142,Student_142,19.0,Male,Lahore,7.5,94.8,32.8,68.2
143,Student_143,25.0,Male,Karachi,1.4,73.5,67.3,54.7
144,Student_144,25.0,Female,Lahore,3.8,74.7,67.9,59.4
145,Student_145,18.0,Male,Karachi,3.6,90.3,70.4,61.9
146,Student_146,20.0,Male,Lahore,2.1,79.5,56.6,49.0
147,Student_147,24.0,Female,Islamabad,1.4,73.5,90.0,58.2
148,Student_148,23.0,Female,Islamabad,2.8,95.9,58.0,59.0
149,Student_149,22.0,Male,Lahore,1.8,68.9,42.1,47.1
150,Student_150,23.0,Male,Lahore,3.8,73.2,53.8,57.2
151,Student_151,20.0,Male,Karachi,3.4,86.9,52.7,51.7
152,Student_152,24.0,Female,Lahore,1.8,94.6,78.5,68.2
153,Student_153,25.0,Male,Islamabad,6.5,80.4,61.5,74.2
154,Student_154,24.0,Male,Islamabad,5.1,72.6,50.5,56.7
155,Student_155,18.0,Male,Islamabad,6.2,100.0,50.5,66.6
156,Student_156,25.0,Male,Islamabad,2.7,80.4,60.2,56.1
157,Student_157,21.0,Female,Islamabad,6.8,74.4,56.3,68.2
158,Student_158,20.0,Male,Lahore,5.5,81.3,60.9,56.0
159,Student_159,25.0,Male,Islamabad,3.2,91.2,74.9,62.7
160,Student_160,23.0,Female,Islamabad,1.2,54.0,44.9,31.3
161,Student_161,24.0,Male,Karachi,1.6,70.4,53.9,47.2
162,Student_162,20.0,Male,Islamabad,4.2,86.8,65.4,67.0
163,Student_163,20.0,Male,Lahore,3.7,85.2,43.8,50.3
164,Student_164,20.0,Female,Islamabad,2.3,80.7,70.6,64.4
165,Student_165,23.0,Female,Karachi,1.1,78.8,80.1,60.3
166,Student_166,24.0,Male,Karachi,3.8,85.7,64.6,64.1
167,Student_167,24.0,Male,Islamabad,1.8,90.3,73.6,62.0
168,Student_168,23.0,Male,Karachi,5.6,75.1,59.1,57.9
169,Student_169,22.0,Male,Lahore,5.7,76.4,63.9,74.5
170,Student_170,23.0,Female,Karachi,4.5,87.4,67.3,67.7
171,Student_171,18.0,Male,Islamabad,5.3,77.2,63.4,57.0
172,Student_172,18.0,Female,Islamabad,5.7,68.1,79.4,74.1
173,Student_173,24.0,Female,Lahore,1.5,78.6,58.3,55.2
174,Student_174,25.0,Female,Lahore,3.4,70.1,75.5,56.4
175,Student_175,18.0,Female,Islamabad,1.3,86.1,58.7,52.8
176,Student_176,23.0,Male,Lahore,2.6,88.5,84.1,76.1
177,Student_177,23.0,Female,Lahore,5.0,74.6,81.6,74.4
178,Student_178,21.0,Female,Islamabad,6.3,79.4,68.7,71.8
179,Student_179,20.0,Female,Lahore,4.3,84.0,46.8,56.4
180,Student_180,25.0,Female,Islamabad,1.7,92.4,53.0,54.9
181,Student_181,25.0,Female,Peshawar,2.1,90.3,30.2,38.5
182,Student_182,18.0,Male,Lahore,4.1,83.6,74.1,65.7
183,Student_183,25.0,Male,Islamabad,2.6,84.6,57.4,57.2
184,Student_184,20.0,Male,Lahore,2.0,94.1,53.8,54.5
185,Student_185,19.0,Female,Lahore,2.3,87.7,63.5,64.7
186,Student_186,19.0,Male,Lahore,2.8,86.7,44.8,42.5
187,Student_187,21.0,Female,Lahore,5.0,72.0,57.0,70.0
188,Student_188,20.0,Female,Karachi,3.4,83.8,65.2,59.3
189,Student_189,25.0,Female,Lahore,5.4,86.2,75.2,69.9
190,Student_190,24.0,Male,Karachi,2.9,82.9,91.4,71.2
191,Student_191,24.0,Male,Karachi,2.8,72.6,52.9,56.4
192,Student_192,19.0,Female,Peshawar,3.8,65.5,74.9,61.6
193,Student_193,21.0,Male,Lahore,1.8,87.9,55.4,59.6
194,Student_194,24.0,Male,Lahore,2.8,88.1,50.0,59.6
195,Student_195,18.0,Female,Islamabad,4.5,83.5,67.7,66.7
196,Student_196,22.0,Male,Islamabad,3.7,74.0,62.4,58.3
197,Student_197,19.0,Male,Peshawar,2.7,78.0,43.8,47.8
198,Student_198,20.0,Female,Lahore,2.3,81.6,62.6,57.9
199,Student_199,18.0,Male,Karachi,3.6,89.2,88.2,67.6
200,Student_200,24.0,Male,Lahore,2.8,83.3,53.7,61.5
201,Student_201,,Female,Peshawar,2.0,74.9,53.7,50.5
202,Student_202,18.0,Female,Islamabad,3.1,77.7,79.3,67.2
203,Student_203,21.0,Female,Karachi,3.5,71.6,66.9,57.1
204,Student_204,19.0,Female,Karachi,3.1,99.2,54.4,57.2
205,Student_205,22.0,Female,Islamabad,4.4,75.9,70.1,72.9
206,Student_206,22.0,Male,Lahore,4.0,95.9,57.3,54.5
207,Student_207,23.0,Female,Islamabad,4.5,85.2,54.1,62.3
208,Student_208,21.0,Male,Islamabad,6.6,99.6,69.0,74.5
209,Student_209,25.0,Male,Islamabad,1.5,72.8,52.7,39.8
210,Student_210,21.0,Male,Islamabad,1.8,89.7,73.9,65.8
211,Student_211,21.0,Female,Islamabad,3.2,74.5,84.2,63.5
212,Student_212,25.0,Male,Lahore,4.1,74.7,55.6,61.0
213,Student_213,25.0,Male,Karachi,4.4,76.1,55.1,56.9
214,Student_214,22.0,Female,Lahore,3.1,70.6,54.7,42.7
215,Student_215,19.0,Female,Karachi,3.5,74.4,63.3,58.4
216,Student_216,23.0,Female,Islamabad,2.0,80.2,53.7,45.5
217,Student_217,23.0,Male,Islamabad,4.9,97.9,64.9,68.7
218,Student_218,21.0,Male,Karachi,2.3,78.6,73.8,59.1
219,Student_219,19.0,Male,Islamabad,4.7,68.5,49.8,57.0
220,Student_220,19.0,Male,Islamabad,7.2,88.3,66.5,75.8
221,Student_221,20.0,Female,Islamabad,3.3,95.3,78.4,68.5
222,Student_222,18.0,Female,Islamabad,4.0,58.9,74.4,58.2
223,Student_223,23.0,Female,Karachi,2.3,86.8,52.1,45.7
224,Student_224,24.0,Male,Islamabad,3.2,69.4,79.8,53.6
225,Student_225,25.0,Male,Karachi,2.8,65.2,51.4,49.5
226,Student_226,23.0,Female,Lahore,2.0,88.4,76.5,57.1
227,Student_227,25.0,Female,Islamabad,2.9,96.0,43.4,50.5
228,Student_228,25.0,Female,Lahore,6.3,99.5,71.4,80.4
229,Student_229,25.0,Female,Islamabad,3.9,82.8,59.8,64.2
230,Student_230,20.0,Female,Lahore,4.8,79.1,59.4,66.1
231,Student_231,22.0,Male,Peshawar,2.4,84.3,58.5,56.1
232,Student_232,21.0,Male,Lahore,2.6,88.3,51.1,55.6
233,Student_233,24.0,Male,Peshawar,5.5,91.2,69.3,73.7
234,Student_234,21.0,Female,Lahore,2.9,95.7,65.5,64.1
235,Student_235,19.0,Female,Karachi,3.9,86.9,73.9,61.9
236,Student_236,22.0,Female,Karachi,4.4,88.7,52.8,61.5
237,Student_237,21.0,Male,Islamabad,1.5,85.4,72.7,63.4
238,Student_238,18.0,Male,Lahore,4.9,76.3,76.2,68.9
239,Student_239,25.0,Female,Islamabad,3.0,87.4,51.9,55.5
240,Student_240,24.0,Male,Karachi,3.6,97.1,79.3,59.9
241,Student_241,23.0,Female,Karachi,3.6,90.5,83.0,66.8
242,Student_242,23.0,Male,Lahore,6.2,63.4,48.3,69.0
243,Student_243,22.0,Male,Lahore,6.3,97.8,51.7,63.2
244,Student_244,18.0,Female,Islamabad,2.1,75.5,94.9,71.2
245,Student_245,22.0,Female,Islamabad,1.8,100.0,68.1,67.4
246,Student_246,23.0,Female,Islamabad,1.9,100.0,62.0,63.9
247,Student_247,24.0,Female,Lahore,4.3,89.9,51.9,60.6
248,Student_248,20.0,Female,Islamabad,4.5,100.0,72.2,71.8
249,Student_249,23.0,Female,Islamabad,2.9,75.7,58.1,48.4
250,Student_250,21.0,Female,Lahore,4.4,81.4,68.8,73.7
251,Student_251,20.0,Female,Lahore,1.5,76.7,66.4,54.4
252,Student_252,19.0,Male,Lahore,5.5,86.5,69.8,76.3
253,Student_253,23.0,Female,Islamabad,3.0,83.6,72.2,55.7
254,Student_254,23.0,Female,Islamabad,2.1,85.2,60.2,46.0
255,Student_255,25.0,Male,Peshawar,3.3,84.1,69.7,53.6
256,Student_256,22.0,Female,Lahore,5.6,96.8,71.4,78.2
257,Student_257,25.0,Female,Karachi,1.4,82.9,60.5,51.1
258,Student_258,18.0,Male,Islamabad,5.4,78.7,54.5,60.3
259,Student_259,20.0,Female,Karachi,5.1,83.7,67.1,68.8
260,Student_260,19.0,Male,Islamabad,4.1,87.0,83.6,73.0
261,Student_261,22.0,Female,Islamabad,2.9,86.6,61.3,59.3
262,Student_262,23.0,Male,Islamabad,5.8,72.7,57.6,59.4
263,Student_263,21.0,Female,Islamabad,2.5,77.6,67.5,53.0
264,Student_264,19.0,Female,Islamabad,9.4,79.2,57.7,76.5
265,Student_265,20.0,Male,Peshawar,3.7,73.3,64.6,64.0
266,Student_266,21.0,Female,Islamabad,7.3,66.8,63.1,65.7
267,Student_267,19.0,Female,Lahore,2.5,75.9,56.3,52.8
268,Student_268,23.0,Male,Karachi,3.2,56.8,67.9,53.3
269,Student_269,20.0,Male,Peshawar,1.8,78.7,52.5,51.3
270,Student_270,19.0,Male,Karachi,1.6,69.3,53.9,41.0
271,Student_271,21.0,Female,Islamabad,3.2,78.3,41.9,57.8
272,Student_272,21.0,Male,Lahore,3.6,80.0,53.1,64.0
273,Student_273,23.0,Male,Islamabad,2.3,99.4,65.7,62.4
274,Student_274,21.0,Female,Lahore,4.5,100.0,77.6,73.8
275,Student_275,18.0,Male,Lahore,6.2,100.0,100.0,81.8
276,Student_276,19.0,Male,Karachi,3.4,82.5,61.1,63.5
277,Student_277,25.0,Male,Lahore,3.4,77.0,56.9,56.6
278,Student_278,24.0,Female,Lahore,1.0,89.6,87.2,65.9
279,Student_279,23.0,Female,Islamabad,2.2,71.8,44.1,37.3
280,Student_280,18.0,Male,Karachi,2.4,80.7,73.5,64.5
281,Student_281,18.0,Male,Peshawar,3.4,74.3,66.1,68.2
282,Student_282,24.0,Female,Islamabad,3.9,81.1,82.8,65.0
283,Student_283,23.0,Female,Karachi,3.2,88.7,59.6,58.3
284,Student_284,20.0,Female,Islamabad,2.2,71.3,64.3,59.9
285,Student_285,25.0,Male,Karachi,2.5,84.0,40.5,50.8
286,Student_286,20.0,Male,Lahore,4.7,83.2,54.0,63.8
287,Student_287,23.0,Male,Peshawar,1.2,83.5,61.1,67.4
288,Student_288,19.0,Female,Islamabad,5.5,86.1,54.4,70.7
289,Student_289,20.0,Male,Islamabad,3.2,77.7,52.3,54.4
290,Student_290,24.0,Female,Karachi,1.7,80.6,74.6,46.0
291,Student_291,25.0,Female,Islamabad,0.7,78.0,42.5,40.3
292,Student_292,25.0,Female,Islamabad,2.1,66.6,39.8,35.0
293,Student_293,24.0,Female,Lahore,4.3,95.5,42.0,50.7
294,Student_294,19.0,Female,Islamabad,5.1,88.0,51.1,67.7
295,Student_295,25.0,Male,Lahore,1.8,87.7,48.2,44.4
296,Student_296,23.0,Male,Lahore,2.2,75.1,56.1,50.5
297,Student_297,21.0,Female,Peshawar,0.7,64.7,50.9,48.3
298,Student_298,18.0,Male,Karachi,2.3,83.9,81.8,61.9
299,Student_299,18.0,Female,Peshawar,3.2,72.7,50.8,48.9
300,Student_300,21.0,Female,Karachi,3.3,98.4,57.7,55.6
1,Student_1,24.0,Male,Peshawar,1.1,83.5,82.6,63.5
2,Student_2,20.0,Male,Islamabad,1.9,79.1,54.7,61.0
