Student_ID,Name,Age,Gender,City,Study_Hours,Attendance,Math,Science,English
1,Student_1,25,Female,Karachi,6.0,72.0,51.0,43.0,35.0
2,Student_2,22,Male,Lahore,4.0,72.0,34.0,73.0,51.0
3,Student_3,19,Male,Islamabad,2.0,75.0,36.0,31.0,46.0
4,Student_4,24,Female,Islamabad,2.0,89.0,,61.0,41.0
5,Student_5,21,Female,Islamabad,5.0,68.0,86.0,44.0,62.0
6,Student_6,21,Male,Karachi,4.0,98.0,81.0,78.0,70.0
7,Student_7,25,Male,Lahore,7.0,66.0,85.0,55.0,66.0
8,Student_8,25,Female,Islamabad,7.0,81.0,42.0,63.0,99.0
9,Student_9,22,Female,Lahore,5.0,,66.0,94.0,58.0
10,Student_10,19,Male,Islamabad,5.0,67.0,88.0,88.0,79.0
11,Student_11,24,Female,Islamabad,6.0,77.0,71.0,40.0,91.0
12,Student_12,25,Female,Lahore,5.0,65.0,45.0,82.0,82.0
13,Student_13,18,Male,Islamabad,8.0,96.0,73.0,57.0,37.0
14,Student_14,19,Male,Lahore,4.0,89.0,89.0,58.0,88.0
15,Student_15,24,Male,Lahore,4.0,86.0,93.0,38.0,80.0
16,Student_16,20,Female,Islamabad,1.0,60.0,58.0,74.0,78.0
17,Student_17,20,Male,Lahore,5.0,82.0,46.0,81.0,77.0
18,Student_18,18,Male,Karachi,4.0,94.0,35.0,84.0,92.0
19,Student_19,25,Male,Lahore,1.0,72.0,65.0,72.0,54.0
20,Student_20,24,Male,Lahore,3.0,66.0,62.0,37.0,97.0
21,Student_21,22,Female,Lahore,3.0,94.0,63.0,45.0,37.0
22,Student_22,18,Female,Lahore,7.0,89.0,75.0,30.0,79.0
23,Student_23,25,Female,Lahore,4.0,98.0,70.0,78.0,62.0
24,Student_24,25,Female,Karachi,8.0,77.0,44.0,94.0,63.0
25,Student_25,22,Male,Karachi,8.0,65.0,75.0,74.0,98.0
26,Student_26,18,Female,Karachi,6.0,75.0,72.0,39.0,91.0
27,Student_27,21,Male,Lahore,3.0,72.0,64.0,76.0,73.0
28,Student_28,25,Female,Karachi,8.0,88.0,85.0,86.0,46.0
29,Student_29,20,Male,Islamabad,4.0,97.0,48.0,78.0,56.0
30,Student_30,24,Male,Islamabad,6.0,69.0,39.0,73.0,38.0
1,Student_1,25,Female,Karachi,6.0,72.0,51.0,43.0,35.0
