student_id,name,age,gender,study_hours,attendance,marks,city
1,Student 1,20,Male,1.9,72.4,48.5,Lahore
2,  Student 2 ,24,Male,5.9,87.6,48.8,Lahore
3,Student 3,twenty,Male,3.3,70.5,67.5,Islamabad
4,Student 4,,Male,6.8,71.7,60.0,Lahore
5,Student 5,21,male,5.8,62.6,68.0,Islamabad
6,Student 6,23,,5.5,71.8,70.9,Lahore
7,Student 7,20,Male,5.2,76.4,55.8,islamabad
8,Student 8,18,Female,,61.1,62.7,Peshawar
9,Student 9,20,Male,6.8,60.5,61.8,Karachi
10,student 10,23,Female,1.2,60.4,57.0,Karachi
11,Student 11,,Female,7.9,95.2,55.0,Islamabad
12,Student 12,25,Male,4.0,76.6,68.8,Karachi
13,Student 13,200,Male,3.1,96.7,63.3,Karachi
14,Student 14,21,Female,7.1,79.2,69.0,Islamabad
15,Student 15,25,Female,7.4,82.4,77.0, LAHORE 
16,Student 16,18,Male,6.4,,77.2,Karachi
17,Student 17,23,Female,6.0,91.2,51.7,Karachi
18,Student 18,25,Female,1.1,73.7,54.7,Islamabad
19,Student 19,25,FEMALE,2.9,92.3,61.9,Peshawar
20,Student 20,23,Male,6.7,75.7,66.5,Lahore
21,Student 21,-5,Male,8.0,65.1,76.3,Karachi
22,Student 22,19,Female,3.0,76.7,53.5,Peshawar
23,Student 23,24,Female,6.3,61.2,59.8,Karachii
24,Student 24,23,Female,1.8,75.5,68.0,Islamabad
25,Student 25,22,Female,6.2,75.5,79.7,Lahore
26,Student 26,,Female,3.5,88.3,81.6,Karachi
27,Student 27,24,Male,1.5,100.0,52.9,Lahore
28,Student 28,19,Male,2.2,66.2,62.5,Islamabad
29,Student 29,25,Male,5.0,84.4,55.3,Peshawar
30,Student 30,24,Female,4.3,93.5,75.2,Peshawar
31,Student 31,20,Female,,87.3,70.4,Islamabad
32,Student 32,23,Male,3.4,69.3,60.7,Islamabad
33,Student 33,24,Male,5.2,76.8,57.7,Lahore
34,Student 34,19,Female,3.6,97.3,950,Peshawar
35,Student 35,20,Male,6.4,80.8,76.8,Lahore
36,Student 36,19,Male,1.0,87.0,55.8,Islamabad
37,Student 37,21,Male,5.1,72.3,61.1,Karachi
38,Student 38,25,Male,5.1,91.7,66.4,Islamabad
39,Student 39,21,Female,1.4,82.5,65.2,Lahore
40,Student 40,20,Male,6.4,91.5,69.1,Karachi
41,Student 41,21 yrs,Male,5.4,71.2,53.0,Lahore
42,Student 42,21,Male,7.7,69.3,57.9,Lahore
43,Student 43,18,Female,2.3,67.2,39.8,Lahore
44,Student 44,23,Female,4.0,83.8,65.7,Islamabad
45,Student 45,24,Female,7.1,63.2,78%,Islamabad
46,Student 46,21,Female,7.6,73.8,40.3,Islamabad
47,Student 47,25,Male,5.8,86.6,57.4,Peshawar
48,Student 48,18,Female,3.5,71.1,75.8,Karachi
49,Student 49,24,Female,6.2,70.4,63.3,Lahore
50,Student 50,20,Male,4.2,69.4,42.3,Lahore
51,Student 51,24,Female,4.7,85 %,79.0,Karachi
52,Student 52,21,Male,5.7,90.3,47.9,Peshawar
53,Student 53,23,Male,7.5,70.6,81.5,Peshawar
54,Student 54,24,Male,1.1,81.3,58.0,Karachi
55,Student 55,25,Female,5.9,99.6,56.5,Peshawar
56,Student 56,22,Female,7.4,80.0,65.3,Lahore
57,Student 57,23,Female,3.6,70.8,64.7,Peshawar
58,Student 58,21,Female,2.7,93.6,72.2,Karachi
59,Student 59,18,Male,5.0,96.2,71.0,Karachi
60,Student 60,19,Female,1.2,89.9,63.2,Islamabad
61,Student 61,18,Male,6.6,73.0,80.9,Lahore
62,Student 62,24,Male,4.4,80.0,73.6,Lahore
63,Student 63,18,Female,5.6,72.9,68.3,Islamabad
64,Student 64,19,Male,6.5,96.9,66.6,Peshawar
65,Student 65,19,Male,1.1,60.4,63.9,Lahore
66,Student 66,23,Male,2.3,95.0,64.1,Peshawar
67,Student 67,20,Female,3.9,70.5,73.0,Islamabad
68,Student 68,21,Male,5.3,65.9,70.7,Islamabad
69,Student 69,23,Male,3.6,93.6,65.5,Karachi
70,Student 70,22,Female,2.9,91.7,77.2,Lahore
71,Student 71,21,Male,1.2,61.6,61.9,Karachi
72,Student 72,21,Female,4.0,71.8,70.2,Peshawar
73,Student 73,25,Male,7.6,63.8,75.3,Islamabad
74,Student 74,19,Female,1.2,89.9,51.6,Lahore
75,Student 75,24,Female,5.2,96.2,61.8,Islamabad
76,Student 76,19,Male,2.4,71.7,85.0,Lahore
77,Student 77,21,Female,7.8,74.2,53.5,Lahore
78,Student 78,23,Female,6.6,61.3,78.8,Islamabad
79,Student 79,20,Female,2.5,64.0,52.3,Peshawar
80,Student 80,20,Male,7.8,62.6,69.9,Peshawar
1,Student 1,20,Male,1.9,72.4,48.5,Lahore
9,Student 9,20,Male,6.8,60.5,61.8,Karachi
17,Student 17,23,Female,6.0,91.2,51.7,Karachi
